gun7anr,mre4hz,It isnt a partisan issue folks,TheRequiemMask,16185172940,2
gum36gu,mre4hz,Well if we did that then there wouldnt be anyone to rule over the masses and make us bend the knee,maskedfailure,16184999210,1
hvype15,smbfer,Ty for posting some real shit and not another mask rant,IRBaboooon,16442525900,3
h8idgx1,p21kbm,Plastic surgery name change a different hideaway especially with masks you wouldnt know it was him if he was in front of you,PhilOffuckups,16286677030,2
gvagaue,mv1oik,Why dont they pull out some more masks from the ocean  millions and billions of them,Jessica_lowel,16189798120,1
hlc89n0,qxp41y,All my indoctrinated mind can focus on is her nose hanging over the mask Its a major pet peeve of mine,Bubba-ORiley,16373754300,3
hleo3s2,qxp41y,Shes not wearing a mask!!!! *head explodes everyone get Covid within 6 feet*,Newspaper_Correct,16374296480,1
hlbi8iw,qxp41y,And yet even murders are exempt from mask mandates ,Mikeman0206,16373636390,-3
hlbqix4,qxp41y,The Ghislaine trial implicates a huge list of rich and powerful politicians actors and industrialists so I bet thats got something to do with why its a federal case and hence no cameras allowed True Detective Season 1 has shocking resemblance to real world stuff- the elite / rich involved in ritual masked human sacrifice and pedophilia As per what Marty says to Cohle whos lamenting that they didnt manage to take down the elite ring only the lower level serial killer; "That aint the kind of world we live in",azraelus,16373672170,0
gv3dypq,mu01bz,Just curious but if the sub has as many bots and shills as suggested; why are these posts still in the positives? It seems like it only matters when they oppose your individual stigmas or beliefs I mean look I dont trust big pharm for one Which is mainly why I am not taking the vaccine But Im also not going out there trying to save people over a virus with over 05% survival rate If they want to put a mask on and social distanceisnt that their choice? Just like it is our own choice to live without it?,Fireba11jutsu,16188475320,1
h0ek019,nqukms,IF its true: 1 Get Vaccinated 2 Wear A F-ing Mask 3 Trump knew and traveled the country anyway allowing his fans to infect each other,bunnyjenkins,16226958270,1
h0eaf07,nqukms,So if it was deemed a lab leak from the beginning would you have wore a mask?,fongaboo,16226902800,1
h0dmj6t,nqukms,Funnily enough I just posted a comment but it failed to post Got error message: "that comment has been deleted" Not sure which was deleted but I wanna comment so here: Just had my 75th birthday so I guess I qualify as an elder Total anti-vaxxxer here but I will wear a mask cause its mandated Also I like to appear as a team player not a conspiracy realist edit: phrasing,PremDikshit,16226782240,-1
h89o3jm,p0j98z,What if conspiracies were used to control people and keep them afraid so they could purposely orchestrate disastrous events (pandemic) to keep their citizens ignorant and dependent on them and thats one of the reasons mental illness has been rising? lol Perfect case is Plandemic Now look at whats happening a year later The people who believed in Plandemic caused the issue to become worse and now next month looks pretty horrific given the numbers All the vaccine conspiracies and mask Thats causing a lot of people to die Right now All the virus conspiracies So many virus conspiracies saying its real and pointing the finger at somebody or its fake news What good does any of that do? What good does saying a foreign country did it or its some coordinated effort or its fake news? None of that matters Its here and were fucked and need to deal with it Why is it so hard to understand for people?,xynapse,16285018590,0
hb7tmaj,pfz4xc,Remember the quote from V for Vendetta? " Beneath this mask there is more than flesh Beneath this mask there is an idea Mr Creedy and ideas are bulletproof" They can silence the voices but they cant kill the idea,GutiGang,16305202540,27
hbaahyz,pfz4xc,Internet "cleansing" is definitely here This isnt just a reddit thing I feel a bit bad cause I didnt know what that sub was I admit I got real tired of reddit after being banned from subs for ridiculous reasons Also the covid subs have become just complete cult shit shows (pro mask pro lockdown type) Came back to focus on other more hobby and interest subs but this is annoying How tf is pokmongo sub going in quarantine  shows how much power we give mods and others Too much red tape ,Joeyzona48,16305636370,6
hb8jsqw,pfz4xc,So what platform is really left to discuss these topics because if Reddit gets censored then I guess I gotta find somewhere else to go,facemasklingerie,16305310260,2
hb8a5j4,pfz4xc,People are bad over this mask shit but are fine that china overlords controlling reddit for ages is fine? Lmao Wow,MrkJulio,16305269870,2
hb8v7nn,pfz4xc,Not a big deal appnonewnormalcom This is the new nonewnormal,Masksforever,16305364350,2
hb82fmt,pfz4xc,I will never vaccinate ever again I will never wear a mask I will never submit to this Communist push for power I am still young and I will resist till my dying breath This I can promise,Kerath,16305238770,1
h1q48hc,nzlzfq,SS: From climate change to the mask debate there is a common tactic where companies and governments shift the blame onto regular people The genius of it is the way people flock towards wanting to be part of the "solution" then those people try to shame others to accept the blame for something they had no control over in the first place,ProfessionalRich0,16236749620,27
h1q9qwn,nzlzfq,This is a false debate masking the true issue People dont care about the environment (if they have to do anything about it) and companies dont care about the environment (if it lowers profit) Only legislation can cause any change The government is the only entity that can combat a tragedy of the commons issue,scott90909,16236780510,-7
h1rewa2,nzlzfq,"A perfect example was the absurd "mask debate" we have had for the past year Instead of blaming the public health system and officials who funded dangerous and unsafe viral experiments in China the blame was shifted to everyday people who happen to not wear a mask or wore one incorrectly" Eh,dkclimber,16236968780,1
h1s77t5,nzlzfq,I think the ELiTeS sometimes make up rules just to be able to laugh at us *"Look at them cleaning out their little yoghurt jars! They dont know we just BURN all the plastic anyway! Hahahaha!"* *"Can you imagine they actually bought that idea with the facemasks StOpPiNg TrAnSmIsSiOn?! They have them on ALL - THE - TIME! Hhohoho!"* Thats why I never do anything I find ridiculous,robotmats,16237096140,1
h7ln0ni,ox6zut,Just to be clear for the dickheads - hes talking about torture assassination surveillance militarized police indefinite incarceration drug war corporate/ banking bailouts Hes not talking about people wearing fucking masks during a pandemic,Hazzman,16280254070,2
i112fgs,tg0kom,CNN advising us to stop having basic survival shit while their owner probably chilling in a mansion with huge ass pool a private jet I hate it when these celebs who splurge and damage environment the most question ordinary people to minimise the basics,awesomask,16475310920,1
i11gz9u,tg0kom,eat the bugs wear the mask flatten the curve save the planet get the passport just stay home build back better,MeLittleSKS,16475366790,1
h0ynban,nu8oko,This weeding was in a town I live near in upstate NY Very strange There were all these people wearing bill and Hillary masks and driving around in convertibles waving Creepy Like the purge,snippysnapper23,16231037870,2
h26ki29,o2bv1j,every tragedy is also an opportunity to make money off of it Masks online infrastructure online stores delivery logistics automation but most importantly lobbying the government to buy shit no one in their right mind would otherwise pay for,FloDaddelt,16239975200,1
gvpypbk,mxjajh,Lets say you wanted to train AI to focus on eyes only for identification Everyone must wear masks everywhere!,50caddy,16192803030,7
gvpydmj,mxjajh,Imagine if the algorithm needed people to be more spread out in public places (Social distancing) Or perhaps the algorithm need to focus only on peoples eyes? (masks),DISCIPLE-5,16192802020,1
gvs15bn,mxjajh,Yall just figured this out? Now try it with masks,SeaLab2050,16193184860,1
gvpespz,mxjajh,Also make people wear masks so that the algorithm has less of the face to train with,jizzbasket,16192745420,-4
hwsmp13,srhaii,Never tested never wore a mask & will never take the fake vaccines willingly The wheels are coming off the narrative or so it seems but this is planned just read the SPARS " war game " scenario I hope people are becoming more aware to the FACT that were dealing with Occultist freaks,Moonoid1916,16447707070,3
hww1e39,srhaii,Not Vaxxed havent wore a mask anywhere ever pretty much lived my life as normal Still havent caught covid let alone die,RyanBJJ,16448293340,3
hws6n4v,srhaii,Since the plandemic started 2 yrs ago ive never worn a mask stayed 6 ft apart from others etcand im still here,Recent-Excuse-9090,16447639020,2
hwu3zi4,srhaii,According to The Branch Covidians Ive been dead for years living in Florida mask free and unvaed,Avioli_ravioli,16447920180,2
hwsahos,srhaii,Never wore a mask never social distanced never locked down never got sick and no vaccine Walking fucking miracle here,Kirby_hill8245,16447656310,4
hwsiajc,srhaii,I was sick for a week I think it was food poisoning because I tested negative and I didnt have any respiratory problems (although I was coughing a lot because of a dry throat) If it was covid in spite of the negative test then I want to personally thank the hundreds of millions of Americans who have endured months of lockdowns and mask wearing and vaccinations to postpone my illness for a year and a half It would have been nice if all those exertions had protected me from getting sick at all but I still appreciate the effort Your personal sacrifice on my behalf will always be remembered But next time how about sending me money instead? Skip the lockdowns and jabs and just send me a buck and if I get sick again Ill just sleep it off like I did this time,sjryan,16447689140,1
hwsp84t,srhaii,Hi yes I died from the rona Dont be like me kids Remember to wear your masks and take your vaccine Thanks,TiredOfTheLies69,16447717180,1
hwszt15,srhaii,Was at parliament with the truckers in Ottawa Im vaccine hesitant and we were all running around outside without masks on for two weeks According to the science Im dead and this is my ghost typing right now,jackspratt88,16447758940,1
hws5ts1,srhaii,Still good no mask no vaccine still havent gotten covid,odo_0,16447635320,1
hwsg4fk,srhaii,Unvaxed unmasked and freshly masturbated ,Crypteggo,16447680250,1
hwsozdy,srhaii,There are 12 people on my floor not a cubicle farm so we have adequate distance between us 9 of them of have had covid since the fall one of them twice Out of the three of us who didnt get sick in the only unvaxxed one is a 30 year old male Asian immigrant with a traditional healthy diet the other is 65 year old healthy woman who also moonlights as a bartender The one thing the three of us had in common was still socializing in groups Myself and the bartender in bars and going out of state to non mask areas from the start of covid the other guy has a huge family and lots of travel,raka_defocus,16447716220,1
hwsw2v1,srhaii,I work in an office with one unvaccinated person Hes not been sick this whole time He goes everywhere without a mask Everyone else either caught it is testing after every outing and generally miserable,el_smurfo,16447744280,1
hwswdfp,srhaii,Hahahahhaha I didnt get sick and didnt die My unvaxxed sister and her husband got covid and survived just fine about 7 days of under the weather My vaxxed bestie and her entire vaxxed family went down with covid for most of January each of them ill for almost exactly 10 days My 13yo son just took a week off school with mild covid symptoms (but negative test results) Oh and Nevada mask mandate was finally lifted yay!,Petraretrograde,16447745450,1
hwtjama,srhaii,i can confirm that i died at least 3 times during this pandemic at first for not wearing a mask secondly for not respecting their guidelines such as distancing etc third for not getting vaccinated,Angerfist96,16447835860,1
hwtz6mr,srhaii,Still around Had covid in Dec 2020 nothing major since but sure Ive been exposed to most variants work retail on a large floor in mask optional work I might have omega-variant antibodies already,aukir,16447899740,1
hwu4pwx,srhaii,im alive never had covid asthmatic and i have chronic faituge at first at the start of the pandemic (in china) i ore googles gloves and a mask everywhere before anyone else in the city after that i realised it was bullshit since it wasnt as deadly as the black plague while the entire world got crazy,DarkMadDog21,16447923340,1
hwv9u16,srhaii,I caught covid a couple weeks ago and got over it last week Was out of work for 2 weeks My symptoms included but were not limited to: fever sore throat one runny nostril and one stuffy nostril that would change sides daily dizziness lightheadedness a pressure on my chest and a cough I only caught covid because my girlfriend gave it to me and she got it from a vaccinated coworker at work (her and two of her coworkers are the only ones not vaccinated) where they require everyone to wear a mask I am not vaccinated and do not plan on getting it anytime in the future but I did wear/put on a mask when I was asked to (prior to catching covid) I am overweight (300lbs and 64) but had been working out for a month before I caught covid I took the vitamins my body needed and nyquil if I couldnt fall asleep at night This is what we shut the world down over This is ridiculous Edit: spelling and grammar errors,yorton00,16448105330,1
hx55ax7,srhaii,Unwanted unvaxxed unmasked,nick25276abc,16449930810,1
hwrz41l,srhaii,Thank god for that mask I never wore,No-Ad3188,16447601840,-1
hwsh7gn,srhaii,Ive been working at Walmart maskless all winterhavent even had to call out of work for more than a couple days for illness Dont even know if it was COVID or not,emforay216,16447684660,-1
hysgiyc,t3gua0,The real conspiracy is that leftists and liberals successfully tricked conservatives into dying of covid "Yes you see my fellow conservatives! We shouldnt wear masks or vaccinate! This virus is a lie!",juliakeiroz,16460636740,-7
hyuksdo,t3gua0,In California people still have to wear masks if they are on public transit or in jail It will become a status thing those with money and/or political power wont have to wear them but the poor and less desirable elements of society will have to wear masks forever no matter how many injections theyre given,1_p_freely,16460941360,1
hyu274n,t3gua0,Ukraine is reportedly running out of O2 between covid and casualties Theyre trying to figure out how to get it transported in safely You see the masks in all the videos they just arent a high priority when bombs are flying,JuanOnlyJuan,16460859520,1
hywpcxd,t3gua0,Covid is still very much a thing Its covered here in the media every day and many stores still require masks Bunch of dumbasses in these threads,HauntedDragons,16461407640,1
hyswrm9,t3gua0,Mask mandate over in Chicago today ,Environmental_Flow47,16460699890,0
hyuf5ty,t3gua0,Covid trends have been going down for two months now my county is no longer asking for masks indoors and for awhile it was pretty bad here I think the real conspiracy is rightwingers using this trend as a "conspiracy" to try and distract from how bad Putin and Russia are and somehow turn the Russian invasion into talking points that help the left and hut the right per the norm of this sub,suphater,16460915240,0
hqli9la,rs1onc,I love how in a conspiracy subreddit after not witnessing a single real picture of her in jail just some artist drawups of some lady that looks nothing like Maxwell everyone has just accepted that shes just going to jail that easily Lmfao Considering who her father is and what her connections and Intel are that bitch got swapped for a double the double wore a covid mask the whole time and we never got to see or hear the trial But Im so glad everyone in this subreddit is so quick to advocate ivermectin and accept bullshit hope cuz theyre aint shit else to do with how much crap were being fed,BlackOmipotentSheep,16408992310,6
hql04vc,rs1onc,BTW was Ghirlandaio even in the courtroom? She had a mask on the whole time It could Have been anyone and that person could sit in jail and she can be on an island somewhere Easily The trial was insanely short Nothing was revealed it seems like the perfect plan of protection,Border-Round,16408921300,1
i0d8wig,tcdedn,OP probably didnt even wear a mask and take an experimental shot either smh,vegetableTelevision,16470927980,1
hygdjzw,t13g2q,90% of users on this sub voted for a man who used a made up medical condition to avoid Vietnam You consider truckers whining about wearing a mask heroes Shut the fuck up with your condemnation of this man in the comments Trump would have shit his pants and hid in a bunker with golden toilets while the rest of you fucking bled to death on the streets Pussies Fuck I hate this sub,dickforadolla,16458361540,2
hyfoxu2,t13g2q,Why is he not wearing a mask? What about the Covid pandemic?,Dark_pony,16458256600,2
hyf53sx,t13g2q,Oh imagine sco mo (Scott Morrison for Aus) Heres a gun for a photo shoot Looks down barrel and shoots himself in the face Havent got a link but shouldnt be hard to find Recently went to a welding shop /factory took the mask off and nearly blinded himself! But seriously the Ukrainian President is badass!,sweattyboi,16458178740,1
hyg2vhv,t13g2q,Wear a mask,bigmikemcbeth756,16458313990,-2
gupfga3,mrpuku,Yeah the elite definitely fear white people who have boughten so deeply into the narrative that they walk around carrying flags supporting billionaires whilst wearing a mask outside cause thats what the government wants What a scary sight for them How will they handle this? lol,smellyscrotes27,16185657110,2
guo5in0,mrpuku,Makes sense that the Biden guy is wearing a mask,Meimou,16185336850,-5
gupmjb3,mrpuku,I just notice one masked and one not,Saltyreefer1,16185717110,0
guo6y78,mrpuku,They fear masked cowards participating in partisan politics? Okie dokie Sharpen the sticks throw some pitchforks in there then you might have a good start,Awesomo3082,16185344370,-9
hw3nrl4,snj9i6,The seatbelt analogy was for masks Ive never seen someone refer to vaccines with it,xMasterMelonx,16443388840,6
hw38iyt,snj9i6,Ive only heard the seatbelt analogy applied to masks before,gorgias1,16443330500,4
hw3xg1a,snj9i6,I thought the seatbelt analogy was for masks,top-knowledge,16443423920,4
hw3c4ht,snj9i6,It could be argued that seat belts physically limit the ability for your chest cavity to fully expand and therefore restrict breathing Equally legitimate to the same complaints about masks People who wear seat belts are manipulated by overlords!,Meaning-Flimsy,16443344940,2
hw4bit9,snj9i6,Also seatbelts actually work Masks and jabs dont,crash6871,16443474440,2
hw32nkr,snj9i6,When people say the seatbelt analogy (I usually hear it used as analogy for masks) I reverse it on them  yeah its exactly like a seatbelt A seatbelt made of soggy tissue paper you must now keep strapped on at all times Even when youre not in a vehicle even when youre nowhere near another human And you wear it strapped over your face forever That seems to end the argument lol,__MEOWFACE__,16443305670,-1
hw3jwr9,snj9i6,Careful not to over analyze analogies guys doing so completely misses the purpose of an analogy as an argumentative technique I mentioned this in some comments below but wanted to throw this out there because there seems to be some misunderstandings Analogies are NOT meant to be 1 to 1 comparisons; they are a form of comparison to shed light on a specific aspect of an argument in a different light Attacking an analogy without the context of how they are being used on specifics that arent relevant to the comparison doesnt defeat the analogy it just misses the point being conveyed in the first place The seatbelt analogy is not saying car safety and corona safety are the same thing The analogy is a response to arguments along the lines of "why do I need a mask if Im already vaxxed?" If you ignore this context and just attack the details of why seatbelts arent like masks/vaccines you have missed the point and are instead arguing against a point no one made A better argument would be something like a better analogy or an explanation as to why the analogy doesnt work For example: "seatbelts and airbags are great for a collision but not very helpful when your car gets rammed not lake Omicron" This is an actual argument against the analogy because it conveys the normalcy of overlapping safety measures the original analogy was pointing out is irrelevant when the safety measures are designed to protect against a different harm than what has occurred Dont lost in the weeds like OP about random stuff like how seatbelts dont cause long term health effects (an argument literally no one made thats irrelevant to efficacy of overlapping safety measures aka the point of the analogy) Instead focus on actually refuting point the analogy was making in the first place If you want to successfully attack an analogy you have to stick to the topic actually being analogized Otherwise youre totally missing the point and refuting the wrong argument,Popular_Ad4115,16443374590,1
hw586we,snj9i6,Lol nope Seatbelt analogy is for wearing masks not for the vaccine,Yatesthegreat,16443595240,1
hw2rnvd,snj9i6,Seatbelt analogy is mostly used for mask mandates Its a 1:1 analogy with that,arctic-lions7,16443252360,-31
hw497h0,snj9i6,You seem misinformed on the vaccine in general The reason comparing a seatbelt to the vaccine is an analogy is because its similar in some ways but the two are not exactly same And you must remember the context the seatbelt analogy is often brought up as an answer to "why do I need to wear a mask if I already have a vaccine" the answer of course being that we wear seatbelts as well as airbags because we want to improve our chances of not only not passing it on but also not dying You also seem to think that the risk of blood clots in the vaccine are bad would it surprise you to know that the coronavirus as a much much (x10) higher chance of blood clots "necrological disorders" and all manor of other side effects? You also seem to think theyre are some secret "long term results" were still waiting for but this is a strange thought No vaccine before has ever been present in the body for more than 6 months at the absolute most Vaccines as you know are there to train the immune system and dont stay in the body long usually around a month or less With 2 billion+ doses administered we still have no addition side effects so it seems strange to wait for these Covid on the other hand seems very capable of permanently damaging a lot of lung ear nose and throat systems with long term effects like difficult breathing lung capacity smell and taste and many more just being permanently changed Im not sure what "hiding the safety data" the cdc and all the drug agencies have been very forthcoming on all their trials You all even got mad at the cdc for saying there was no evidence of airborne contagion early on and then changing that stance after they researched it and got evidence Same thing with when they said dont wear masks at first as they were no thought at the time to be necessary but new data came out and the cdc adapted its message to the studies The cdc has been reflective of the data from the begining You might be talking about the preprint studies and the VAERS database stuff Those Im sure you have heard are flawed for many reasons their results may be correct or not but we need more data before we can say anything If the researchers and doctors at the head of the preprints or VAERS claims believed that they would want to wait for these studies But we did this cycle with monocoidal antibodies ivermectin and hydroxychloroquine and each time they put in the work for a big double blind study these drugs are reveal to do nothing or so little as to be nothing You also seem very concerned about the companies themselves but for all your conspiracy you dont look at the positives These companies are looking to make big money from government contracts and to get the biggest ones you need an effective vaccine as verified by the FDA and the 40 other countries the vaccine will go too including France Britain Germany and even our enemies China and Russia It in their best interest to make a working vaccine especially because they must compete in a hot market theyre now like 7 different vaccines from different companies so competition is fierce I mean just ask yourself if the vaccine was truly dangerous why wouldnt Russia or China talk about it Or the hundreds of journalists looking for hot stories or any of our allied countries to alter their friends or peoples or the competing companies after their government contract All these people and more would have to work together its impossible,rascalrhett1,16443466010,-4
hw378p6,snj9i6,This is completely missing the primary point of when most people are bringing up the seatbelt analogy Yes some people bring it up as a pure example of a mandated safety rule But the primary point of the seatbelt analogy is in explaining to people how a vaccine can be working but that the majority of people in some places who are hospitalized are vaccinated Thats because the ratios matter The analogy then is to how seatbelts work to reduce risk in crashes but far more people end up in hospitals from car crashes who were wearing seatbelts than who werent because almost everyone wears a seatbelt The only other context the seatbelts are sometimes used is analogous to masks and then the analogy works pretty well even in the use-case So this primarily seems to be an argument being directed at what is fundamentally a misunderstanding of the main reason seatbelts get mentioned,JoshuaZ1,16443325170,-7
hw4ae8o,snj9i6,I know right? they try to compare any damn thing with these masks/vaccines I was watching Aziz Ansari his new special not even funny tbh but he said something like my uncle will get a colonoscopy and starve himself before the surgery on his ass but he refuses the vaccine? like ok azisIdk why I watched him I enjoyed his cringey comedy I guess,kushnugzz,16443470310,0
hw469da,snj9i6,Seatbelts are meant to protect you unless there is a freak accident and youre ejected hitting someone else Were told masks and vaccines are meant to protect others and you if youre at high risk I even had someone claim no one uses the seat belt analogy even when Oxford University Press put out an argument supporting the analogy which the NIH hosts on its site,HIVnotAdeathSentence,16443455390,1
hw48x0q,snj9i6,Ive heard people compare seat belts with masks but never the jab Anyone who thinks that is in too deep and is just doubling down,Thor-axe,16443464970,1
hw4l2es,snj9i6,Isnt the analogy that the mask mandate is like being required to wear a seat belt? I have never once heard people compare a seat belt to the vaccine,AwkwardSeth,16443509840,1
hw4l2no,snj9i6,Wow wearing a mask causes blood clots??? Because that is what the seatbelt analogy was for WTF are you talking about,megablast,16443509870,1
hw4ru3p,snj9i6,Wearing seatbelts also applies to a very specific situation (being in a car traveling at high speeds) not 24/7 to everyone everywhere No one argues with masks in a surgical setting because it makes sense there Taking certain injections is appropriate for certain medical situations based on what the patient and their personal doctor think is right But people wearing seatbelts everywhere is silly just like wearing masks everywhere is silly In many cases its harmful creating anxiety and fear making social interaction and development very difficult and blocking air passageways Trying to coerce the entire population to take an injection with no long-term testing and regardless of their medical situation or personal wishes and rights with normal checks and balances for safety and informed consent being violated is so insane its genocidal,shpdg48,16443534580,1
hw537mu,snj9i6,Ive usually seen the seatbelt analogy regarding masks not necessarily the vax,dibbr,16443576180,1
hw5muh7,snj9i6,I hate it because my state (New Hampshire) doesnt have a seatbelt law or obligated car insurance (another analogy they use) But yet NH enacted a mask mandate for a couple of months,yamsbear,16443655280,1
hw5uhu9,snj9i6,Some people are soo smug with their analogies Might want to shave your hipster mustache to fit inside your mask,redeyeofbull,16443687720,1
hw6mlya,snj9i6,Why do people use the seatbelt analogy to compare it to vaccines if anything its more equivalent to using a masks An external non-invasive measure,diogenes45,16443810170,1
hw7f506,snj9i6,I think this is a bad faith post - thats not what the seatbelt analogy was in response to It was in response to "If masks work why social distance" etc,SHODANs_insect,16443995340,1
hw8mpn6,snj9i6,Ive seen people use the seatbelt analogy for masks not vaccines,VTHUT,16444229310,1
hw3nhcj,snj9i6,I usually retort with the condom analogy Okay so you think everyone should wear masks even if theyre not sick So if I dont have any STD symptoms havent slept with anyone recently dont know if I have an STD or not should it be MANDATORY for me to wear a condom every time I have sex?,AlphaBetaCHRIS,16443387810,-2
hw3k1wq,snj9i6,Seatbelt analogy works for masks I dont think anyone compares seatbelts to getting vaccinated Other than OP that is,HeroOrHooligan,16443375130,-7
hw3kjyq,snj9i6,By this logic you should wear a mask,KaijuKiri,16443376980,-4
hw754l9,snj9i6,The analogy wasnt used for vaccines more for why social distance if masks work,Patseiam,16443919140,0
hre74q0,rwkj3w,Canadian unvaxxed here and its not because I dont believe in vaccination I absolutely do But these are not vaccines 4-6 month efficacy Still can catch it litany of side effects Whats the point? There literally is NO reason to take it There is no benefit I still follow all the protocols distancing masking and isolating I havent fucked anyone in like 2 years hahaha,J3diJ0nes,16414111350,8
hrd6x4k,rwkj3w,My aunts and I had such a great time in DC in 2019 as it was our first time visiting and we liked it so much that we said we would go back this year Cue a few weeks ago the DC mayor implemented that damn vaccine mandate where you have two have two doses of it in order to enter indoor venues This completely shit on my trip and I either have to get fully vaccinated before March 8th since my trip is at the end of that month or not go There is the option of going but not going anywhere indoors but then Id be the odd woman out This shit is STUPID! Ive went two years unvaccinated without contracting Covid or if I did I was never sick Ive flown a slew of times went to indoor and outdoor parties maskless worked masked in office and now work from home full time again etc Just let me wear the masks in peace and fuck off!,jwash95,16413978120,8
hrdg4a1,rwkj3w,--POSTING AGAIN AS APPARENTLY MY ORIGINAL WAS REMOVED @ 100> UPVOTES (even though I can still see it)-- It has been & will continue to be a nope from me Thats simply the end of it  I made my mind up before they officially announced the vaxxs cause you could see it was coming from a mile away I have not wavered I have not budged & I wont ever I trust my intuition & it has been *screaming* at me since early 2020 that this is not what it appears to be I have just been getting that feeling confirmed more each day since Nothing & I mean **nothing** means more to me than my autonomy & sovereignity The harder I keep being pushed the harder I stand my ground & I am not alone in that feeling The more I am shouted at abused guilted ostracized? The more I have the confirmation that I will NOT be getting it under any circumstance Its a lose-lose for them now & they know it hence the freakouts happening everywhere just now My doublevaxxed family members have even finally been able to see through it at this point which is saying something ***ETA; I wrote this in reply to a comment about being "scared of immature people like me" but I wanna put it here as well I invite all those who disagree with me to have a read Thanks!*** *"It has no effect on you If you have had your jab & wear your mask according to our overlords & yourself you are safe! No worries about me it doesnt concern you what happens to me does it?* *All it does is make room for fear & doubt which you are all drowning in just now You all expected everyone to comply like you did & now have no idea what to do with the fact that you have been played So you all choose to lash out at us because you are angry with yourselves for buying into it I am not accepting your projection friend I understand how angry & hurt you are but its not my problem or fault Its not me you are actually angry at* *The ones who you should point your rage at are the people who actually did this to you - the governments not the ones who rejected the fear Not the ones who are still trying to get you all to see the light Even though you all keep just projecting on to us abusing us mocking us & wishing us death! But we are somehow the bad ones in your eyes?! I dont put blame on you guys for complying I hope so much for the day everyone who did can realise what the governments are can take control of their own mind/emotions/thoughts & are no longer abused by the system we are stuck in* *They are the bad guy not you not me It is US vs THEM not you vs me Hopefully one day you will realise this but based on current events I doubt it"*,msmusings-,16414012770,18
hrd8m9l,rwkj3w,Missouri - forever unvaccinated Never wore a mask 1 time Ignored anyone who told me to Sat back and watched the circus come into town I knew what was happening because I listen to AJ and he warned us As crazy as it sounds Also the second I heard them say that they wanted to quarantine healthy people I knew what was up Thats not how herd immunity works or how pandemics should be handled as far as isolating is concerned We should have been gathering in groups not masking and hiding Its almost as if they wanted people to get sicker and die They did everything to lower our immune systems: masking staying inside out of the sun isolating healthy people etc In a real pandemic you would do the exact opposite,momsister5throwaway,16413984660,38
hrcw2am,rwkj3w,Not to discount your gesture of good faith but some people like myself havent had any pressure due to where we live Im outside of Houston in a smaller more right wing city and my company just ignores Biden Nobody cares if youre masked or vaccinated Everyone just lives their lives To people who live in a city forcing them to do things or work for a company requiring vaccines you are very strong I couldnt imagine needing papers to eat at a restaurant,Nuff_Nuff_Jigglypuff,16413934080,21
hrcqalh,rwkj3w,Unmasked and unvaxxed from Wales :),Plushieluver101,16413907790,8
hrcpek2,rwkj3w,We are a poor few of roughly 30 people working in a factory and we just dont give a fuck about wearing masks and following this sanitasion protocol at wotk None of us have medical aid and rely on the 3rd world state healthcare None of us have contracted or tested positive for covid except our boss who has a medical aid This thing is a fucking scam,microsoftfool,16413903500,3
hrcswqc,rwkj3w,Manhattanite here Im not allowed anywhere fun without the pass every store is strict and crazy with the masks (grocery owner handed me one the other day not going back until they lift the mandate) and on top of that Im forced to work from home while I feel perfectly well Meanwhile more and more of my FV co-workers also have to work from home because theyre testing positive Im still able to do my work but my team is entirely fractured I feel bad that because of my stubbornness as some would say I have to be home when Im not sick I feel isolated and weird and like the entire world is going crazy without me How am I a threat when you wont even let me into places where I can get all this sickness? Still Im standing firm in my decision I even submit that one day I could potentially get the shot when Im older and in need of extra protection and they actually have years to test and perfect it Until then Im just doing everything I can to clean my home and make it the best it can possibly be Keep fighting the good fight everyone no matter what your status may be,supgina,16413920070,18
hre2sv7,rwkj3w,Meanwhile here in Wv there are very few people who mask A few jobs have mandated the vaccine a few people have complied Our numbers are average for covid cases The numbers are average for "covid related " deaths According to what I read we should all be dying I work in a bar I havent seen a customer in a mask in months We live without fear mostly without restrictions and with a chuckle at how crazy the world is acting Most of us conserve gas have a hard time finding a good cut of meat and struggle with the bills We are being harmed by rapid inflation not by an illness,Wuwuhu,16414093710,2
hrg1e16,rwkj3w,Im unvaxxed but I have an interesting perspective on this I know what sub this is but I tend to fall in the middle with a lot of these issues I went to navy boot camp in July unvaxxed and had every intention of getting J&J while I was there Ive been asking a lot of the same questions as a lot of you here since this thing began but Ive always wanted to be in the navy so shoot me up I got Covid 13 days into my 14 day quarantine in boot camp was sick for 3/4 days with a headache and a fever Recovered but my lungs/ muscles were weak from sitting for over a month in isolation Got medically discharged and now working a shit job and considering getting shot up to go back Interestingly the doctors found out that I had myocarditis while I was sick and while it was nothing major its recommended I didnt get the vaccine right away so I havent If they fix the issues with the vaccines hurting people Id gladly get it However Im working for a guy now thats Been positive for a week or two and wont stay home Exposed all of us to Covid told me its my fault if I get sick again for not getting vaccinated he also told me that if Im scared of him coughing all over us that I should wear a mask to protect myself from him coughing I truly cannot believe that there are grown adults that believe this shit I feel like Im alone in this world where everyone is mindless and Im the only one aware of it This feels like some kind of weird simulation how the fuck is this real life? At this point I have no desire to be vaccinated unless they actually prove its safe and effective Which they likely wont ever be able to,Worth_Cellist643,16414406660,2
hrcy3jn,rwkj3w,I just turned 35 snd im not vaxxed yet when it all started i was trying to have a baby and i just didnt want anything else negatively impacting that and I kinda wanted to wait it out a bit I am terrified of the vaxx now after all this and i also wear my mask in public,Cool_Assistant_2052,16413942660,4
hrcu868,rwkj3w,Im vaccinated and I dont really see the issue with it Im the same human as before and now my job doesnt berate me Win win Now my asshole coworker who didnt get the vaccine and intentionally coughed on people because he thought this same thing? Yea he got fired and cant feed his kids now Stop trying to be special and stand out The real conspiracy is how you fools think their is a conspiracy about the vaccine and that something is against you I just want the lockdowns to end and since the virus keeps mutating since you fucks cant just wear a mask and quarantine we are all still stuck in lockdowns Ive literally left my house 7 times since March 2020 meanwhile you have Karens in this thread complaining they cant go out to eat without a mask and thats its a break of their freedom You fuckers need to grow up,I_Have_3_Legs,16413926030,25
hrdrj00,rwkj3w,I actually figured Id take the shot in Jan 2021 but I wanted to wait a few months to see how things went Then came the coercion then the people who were vaccinated still masked and distanced then more coercion then people still getting sick that had the shot then a third shot No way man It aint happening here I wont stand in anyones way if they want to take that garbage but they need to stay out of my business too,lfthndDR,16414053610,2
hrcsnmm,rwkj3w,Im not vaxxed : non masked whom had Covid in the past and not afraid of a flu like virus Stop living in fear and go live your before its to late Life will passed before your eyes,No-Reindeer-9324,16413918900,3
hrcobi7,rwkj3w,For me & my family its not about rebelling against government but not taking an unproven "vaccine" that is not a vaccine at all that people are making millions (maybe billions) off of It is about not being government guinea pigs no matter what the mainstream is doing/pushes We dont know what this "vaccine" does to the body long-term and it barely does anything to stop Covid as it is We know that masks are very effective so we wear them We dont begrudge anyone that wants to get "vaccinated" we just dont believe it to be smart for us,ntcplanters,16413898120,2
hrcg7zd,rwkj3w,Im in UK where they brought back masking in most shops etc I still cba to wear one though It just makes my allergies worse and I cant breathe,robinthehoode,16413853830,2
hrdpy6m,rwkj3w,Im one of the few unvaxxed at work right now and our company just put in place a "mask ALL DAY policy" due to osha Previously we were able to be mask free at our cubicles no matter the vax status I am asked to submit my vax status by Friday and was told its confidentialand only used to enforce the mask mandate upon me vaxxed are free to go maskless all day Funny thing is all 4 of my recently boosted teammates are home with covid right now The irony is painful,GroundbreakingLion32,16414048080,0
hrdq3ej,rwkj3w,I am Unvaxxed Unmasked and never ever will put that posion in my body,Accomplished-Cry-294,16414048570,0
hrcqpoh,rwkj3w,It amazes me how different the social norms are in different sections of America Where Im at in Ohio people dont care about the vaccines or masking I have noticed the closer I get to Cleveland the more people DO care about masking,the_dionysian_1,16413909790,1
hrcrsy6,rwkj3w,I live in North Finland Still undecided on the jab Up until now there has been zero change in my day to day life I have only worn a mask once in the last two years and that was when I was traveling to Ireland for the plane journey I know two people who got covid no worse than a common cold they said I have not been tested ever and have no need to I will know when I am sick A few weeks ago they brought in the pass for restaurants etc Not a bother for me one more way to save money I would take a guess and say I have been lucky,LaplandAxeman,16413914950,1
htpqjz3,rwkj3w,How abt not tested not masked and not jabbed?,Guru_Salami,16428351930,1
hrd7to9,rwkj3w,This is ridiculous The right have an obsession similar to the left If the left is obsessed with forcing vaccines and mask mandates Then the right have an obsession with forcing people not to take the vaccine and not to wear a mask,hakuno-satube,16413981610,0
hrdtibm,rwkj3w,We should all stop wearing masks on Valentines Day All together at once across the world,northgriffey,16414060630,0
hrdtpm7,rwkj3w,Pure blood here Ill never get the jab Since the plandemic started I have resisted the bullshit mask and lockdown policies the govt implements It just kills me to see so many people not using their brains to realize that all of this is about control and not about their health Smdh,KloudQAnon,16414061350,0
hqh7t9i,rrkf0b,"Woman in mask pretending to be Ghislaine Maxwell found gulity Public shown cartoon as proof",Tommy_88,16408219060,20
hqhc3fu,rrkf0b,Theres no way this is all legit no way she does time and keeps her mouth shut she knows so fucking much its unreal to think the narrative we are watching has any truth to it This rings about as true as that Facebook whistle-blower from a few months back This is a concoction a total fabrication We dont even know if she was in court Some masked brunette is all we can know based on drawings The judge loves Dershowitz and his scummy name is all over these allegations It is really amazing that people will believe this is all what really happened,Deep-Restaurant,16408237330,-1
hqhcdo8,rrkf0b,Why does anybody on this board actually believe she is in jail? Im being serious Tell me why I should believe she is actually in there Is it because the news said so and there is a bad drawing of her? Cause thats not enough for me Also the whole blackmail scenario everyone is playing out has no basis in facts Not really sure who even started it because Ive yet to see any evidence that she or Jeff blackmailed anyone She was friends with the elites and Im sure they cut her a deal just like Epstein Saddam hussein had a bunch of body doubles This illustration of a lady with a mask on Im court has me thinking its not even her,in_longing_spirit,16408238530,-1
gw26351,mzn77j,Well that particular pic might be old but I have literally been through this exact scenario last month with my dadi where we were waiting out side the hospital for the authorities to come while my dadi is sitting on a chair with oxygen mask on her face So pic might be fake but the situation is just as dire as they say,Otakushow,16195371430,18
gw3uft8,mzn77j,the PTB are done only absolute fuckups cant smell their garbage from a mile away If you are walking around with a mask at this pointyou might as well be wearing a dirty diaper on your face that is how smooth your brain is,_HagbardCeline,16195630540,0
gw1n6pf,mzn77j,her mask and clothes do not look three years old,n1nj4_v5_p1r4t3,16195283920,-5
gw5kmuq,mzn77j,When the British and Brazilian mutations turn out to be no worse than the original; when "Long Covid" turns out to be no worse than normal post-viral syndrome; when "MIS-C" is not affecting enough kids and is perfectly treatable; when Ivermectin HCQ and VitD is shown to be effective in study after study; when masks are proven worthless; when the critique of lockdowns is mainstream; when people are finally waking up to how vaxx-passports will remove their freedoms; when the injections cause more harm than good they need an new scare "India in crisis!" "New Double-Mutations!" "People \[who nobody in the west cared about before\] are DYING! " See through the propaganda It should be obvious to everyone how these things work by now,robotmats,16196030860,1
hmk7moa,r4vfd2,Whats with these quality posts on conspiracy??? Can we get back to the anti mask n anti vaxx posts plz thanks,anadius,16382109800,0
i21wgln,tnc9c7,Man I wish people would have protested the police in mass like they did for the vaccine and mask mandates,DookieBlossomgameIII,16482079530,1
hnocnhc,rb6azk,I work in healthcare and I am so tired of hearing the word covid vaccine mask etc thankfully our healthcare system has not mandated since the surrounding systems have We have gotten hundreds of employees and are making money off of them firing employees Im constantly told that I should get the vaccine and all I can say is NO THANKS I had covid and Im fine,yepimout,16389340160,9
hnnje7l,rb6azk,I can still dislike on videos? Can you elaborate where they took the dislike button away? Is it only on COVID videos?,Masked_Fern,16389195760,2
hnnstfu,rb6azk,I live in dener A very liberal city I would say only half if the people are wearing masks amd the employees are not enforcing it For what it is worth,wily-san,16389240290,0
hc4qa9x,pkkql4,We need to mask the children in school for a 99% survival rate virus because science!,steelplate1,16311509160,6
hc4f9vl,pkkql4,This sub called the effectiveness of masks while the WHO was saying just wash your hands,tuesday-next22,16311456730,3
hc4py66,pkkql4,**Science:** [Elucidating of oxidative distress in COVID-19 and methods of its prevention](https://wwwncbinlmnihgov/pmc/articles/PMC8106523/) Im not vaccinated not because Im an "anti-vaxxer" but because Im educated Last week after a bad sprain I visited our doctor He confirmed it was a sprain and that was it However "out of caution" he took blood because Im over 60 The next day he called and asked where I got vaccinated because he knew my preferences I told him I never did He said "Well you have decent level of COVID-19 antibodies You must have contracted it somewhere" Im an at-risk individual because of my age and previous medical issue Were homesteaders and rarely leave our small farm (usually just for lumber and livestock feed) When we do leave we mask-the-fvck-up except that one time my wife talked to our neighbor who later ended up having COVID We have a *LOT** of tomatoes We eat tomatoes every day either fresh or canned My doctor is convinced especially in light of that lycopene study that we got COVID and never noticed Hes now advising all his patients to consume lycopene TL;DR: **eat your tomatoes**,TheSkepticGuy,16311507520,2
hc65yb7,pkkql4,Dont remember the science ever changing to say that masks suppress O2,asiangangster007,16311882490,1
hcic8eo,pm5sqs,Nothing is happening in Australia There arent camps for unvaccinated there arent mandatory vaccinations a lot of people dont wear masks They tell us not to wear masks outside Ffs Youve taken some stupid screenshot off twitter and marked it as gospel Do some fucking critical research for fucks sake There are other conspiracies real ones with evidence a lot of them in australia This is just fucking stupid,amberrr626,16314107250,3
hcfsvhb,pm5sqs,Our biggest issue was a premier that didnt lockdown properly in the first place because of business interests She blew it And now people are in extended lockdown because it got out of control and our hospitals cant cope already Also anti vax and anti mask arseholes are spreading it around even more,sotoh333,16313707690,-3
hcg7ypg,pm5sqs,Im sure I watched Storm vs Sea Eagles yesterday with a full crowd I thought they had a massively strict lockdown?,simask85,16313774270,1
hchnvls,pm5sqs,The rich suburban areas of Sydney are on the north side and eastern side of the CBD of Sydney The government is implementing all these draconian measures on the west and south west of Sydney to protect the freedoms of the rich areas Photos of Bondi Beach and other city beaches certainly doesnt show any form of mask compliance or social distancing The state government has stopped the daily press briefings because they know that with seeding the North and eastern suburbs are going to be infected and they dont want to limit their freedoms,ExpertPlatypus1880,16313994350,1
hchu33c,pm5sqs,Im in Australia our government is fucking us Temporary state of lockdown my ass this is becoming permanent The privacy laws theyve passed recently allowing police to access your data "and make minor changes if necessary" without a warrant Im 17 grew up always thinking Australia was one of the most free countries in the world but now Im seeing how wrong I was Constant lockdowns over barely any cases The numbers on covid are stupid feels as though the world governments are using scare tactics to gain control over everyone once again What happened to all the flu and cold cases? In Australia 2019 we had 300k flu cases 2020 we had 20k and so far this year weve only had 500? Whats going on there? Shouldnt the flu still be around fucking us up? Or are masks helping with the flu but not covid?,Tukiko0,16314021390,1
hx2djq9,st9i06,SS: how far we have come in 2 years Imagine where well be in 5 We arent always right but we always ask questions and for that Im proud Edit: and the sheep have arrived mass upvoting every baseless defense to why were all still masked up getting boosters getting tested and STILL contracting Covid 2 years later,_NoSoup4You,16449493300,-1
hx41u2k,st9i06,You know George Washington inoculated his troops against small pox against their will Back then they fucking cut you open and direct infected you with small pox then treated it immediately Some died in the process He did it because he was smart and knew the losses of not doing it would be greater This is one of the reasons we won the war Now you fucking crybabies whine about a mask and a shot You give to much credit to these people the world conspiracy to have to take the vax We cant even agree on basic human rights across borders but we got together on this vax GTFOH,insanity_caged,16449731710,-3
hx4os2z,st9i06,I LOVE THIS ARGUMENT Especially considering most of the people standing behind it never wore masks or did any type of social distancing -shrugs-,LuLzWire,16449836250,0
h6pcgwc,osmlz4,These COVID "safety" rules (like entering a restaurant masked then taking it off at the table) are all just designed to turn this entire planet into airport security Its always been about control nothing else,iajzz,16273917970,53
hvku7q9,skbxuh,Like Joe said in his follow up statement science and knowledge evolves over time Acting like we know everything now and that never changes is not at all accurate So we have to be REALLY careful about what we label "dangerous misinformation" There are phrases that if you had posted them to social media a year ago would have gotten you banned shamed and deplatformed for spreading "dangerous misinformation"! Yet one year later our knowledge and the science has evolved and we know these statements are no longer true Statements like: "Cloth masks are generally useless in preventing the spread of the virus" or "You can still spread the SARS-COV2 virus even if youve been fully vaccinated" or "You can still catch Covid19 even if youve been fully vaccinated" or "The vaccines are considered ineffective protection against the variants" And many more,Moto_Davidson,16439921260,1
